title,category,author,date,source,url,summary
Tech Giants Pour Billions into Generative AI Startups Amid Arms Race,Business,Sarah Jenkins,26/10/2023,Reuters,https://www.reuters.com/technology/tech-giants-pour-billions-into-generative-ai-2023-10-26,"Major technology firms are accelerating investments in generative AI, fueling a competitive frenzy to dominate the next wave of innovation. The deals highlight the strategic importance of AI in future growth."
"Federal Reserve Holds Interest Rates Steady, Signals Caution on Inflation",Business,Michael Roth,25/10/2023,Bloomberg,https://www.bloomberg.com/news/articles/2023-10-25/fed-holds-rates-steady-signals-caution,"The U.S. Federal Reserve maintained its benchmark interest rate, citing persistent inflation concerns and a resilient labor market. Officials indicated a data-dependent approach for future hikes."
"Walmart Beats Earnings Estimates on Strong Grocery Sales, Cautious on Holiday Outlook",Business,Jennifer Lee,24/10/2023,The Wall Street Journal,https://www.wsj.com/articles/walmart-earnings-q3-2023-grocery-sales-holiday-outlook,"Walmart reported stronger-than-expected quarterly results driven by its grocery division, but issued a conservative forecast for the upcoming holiday season amid consumer spending pressures."
"Global Supply Chains Show Signs of Normalizing, but Risks Remain",Business,David Chen,23/10/2023,Financial Times,https://www.ft.com/content/global-supply-chains-normalizing-risks-remain,"Shipping costs and delivery times are returning to pre-pandemic levels, yet geopolitical tensions and climate-related disruptions pose ongoing threats to global trade stability."
Nvidia's Stock Surges After Unveiling New Chip for AI Data Centers,Business,Anna Petrova,22/10/2023,CNBC,https://www.cnbc.com/2023/10/22/nvidia-stock-surges-on-new-ai-chip-announcement.html,"Nvidia shares climbed over 5% after the company announced its next-generation H200 GPU, designed to handle massive datasets for training artificial intelligence models."
OPEC+ Considers Deeper Production Cuts as Oil Prices Weaken,Business,Ahmed Al-Hamadi,21/10/2023,Reuters,https://www.reuters.com/business/energy/opec-considers-deeper-production-cuts-2023-10-21,"The coalition of oil-producing nations is discussing further reductions in output to stabilize crude prices, which have fallen due to concerns about a global economic slowdown."
Microsoft Closes $69 Billion Acquisition of Activision Blizzard,Business,Tom Warren,20/10/2023,The New York Times,https://www.nytimes.com/2023/10/20/business/microsoft-activision-blizzard-deal.html,"After a lengthy regulatory battle, Microsoft has finalized its acquisition of the video game giant, a landmark deal that reshapes the gaming and entertainment industries."
China's Economic Recovery Falters as Factory Output Slows,Business,Evelyn Cheng,19/10/2023,Bloomberg,https://www.bloomberg.com/news/articles/2023-10-19/china-economic-recovery-falters-factory-output-slows,"Recent data shows a surprising slowdown in China's industrial production and retail sales, raising concerns about the strength and durability of its post-COVID economic rebound."
Commercial Real Estate Market Faces 'Perfect Storm' of High Rates and Vacancy,Business,Peter Grant,18/10/2023,The Wall Street Journal,https://www.wsj.com/articles/commercial-real-estate-market-high-rates-vacancy-storm,The sector is under immense pressure as rising interest rates make refinancing difficult and remote work trends keep office vacancy rates at historic highs.
Ford and GM Scale Back EV Production Plans Amid Slowing Demand,Business,Michael Wayland,17/10/2023,CNBC,https://www.cnbc.com/2023/10/17/ford-gm-scale-back-ev-production-slowing-demand.html,"Both automotive giants are adjusting their electric vehicle manufacturing targets, citing slower-than-expected consumer adoption and supply chain bottlenecks for key components."
"Amazon to Hire 250,000 Workers for Holiday Season",Business,Lauren Thomas,16/10/2023,Reuters,https://www.reuters.com/business/retail-consumer/amazon-hire-250000-workers-for-holiday-season-2023-10-16,"The e-commerce leader announced a massive seasonal hiring push, signaling confidence in consumer demand for the critical fourth-quarter shopping period."
EU Unveils Stricter Regulations for AI to Curb Risks,Business,Javier Espinoza,15/10/2023,Financial Times,https://www.ft.com/content/eu-unveils-stricter-ai-regulations-act,"European Union officials have agreed on the final text of the AI Act, a comprehensive legal framework that categorizes AI applications by risk and imposes strict rules on high-risk systems."
"US Job Growth Surpasses Expectations, Complicating Fed's Next Move",Business,Paul Wiseman,14/10/2023,Associated Press,https://apnews.com/article/us-jobs-report-economy-inflation-fed-2023-10,"The economy added more jobs than forecasted last month, demonstrating labor market resilience that could influence the Federal Reserve's decision on future interest rate adjustments."
"Disney+ to Crack Down on Password Sharing, Following Netflix's Lead",Business,Alex Sherman,13/10/2023,CNBC,https://www.cnbc.com/2023/10/13/disney-plus-to-crack-down-on-password-sharing.html,"Disney is updating its subscriber agreements to prohibit password sharing outside of households, a move aimed at boosting revenue and subscriber growth for its streaming service."
Venture Capital Funding Hits a Two-Year Low in Q3,Business,Kate Clark,12/10/2023,The Information,https://www.theinformation.com/articles/venture-capital-funding-hits-two-year-low-in-q3,"Global VC investment continued its decline in the third quarter, as economic uncertainty and higher interest rates led to a more cautious approach from investors."
"Apple Reports Record Services Revenue, but iPhone Sales Weaken",Business,Mark Gurman,11/10/2023,Bloomberg,https://www.bloomberg.com/news/articles/2023-10-11/apple-q4-earnings-services-revenue-record-iphone-sales-weaken,"Apple's latest earnings report showed strong growth in its services division, including the App Store and iCloud, which helped offset a slight year-over-year decline in iPhone sales."
Pharmaceutical Giant Pfizer to Undergo Major Restructuring for Cost Savings,Business,Jared S. Hopkins,10/10/2023,The Wall Street Journal,https://www.wsj.com/articles/pfizer-restructuring-cost-savings-plan,"Pfizer announced a multi-billion dollar cost-cutting program that includes layoffs and operational changes, aimed at improving efficiency as sales of its COVID-19 products decline."
Sustainable Investing Sees Inflows Despite Market Volatility,Business,Emily Chasan,09/10/2023,Financial Times,https://www.ft.com/content/sustainable-investing-inflows-despite-volatility,"Funds focused on environmental, social, and governance (ESG) criteria continue to attract capital, though performance has been mixed amid a challenging macroeconomic environment."
The Rise of 'Quiet Cutting': Companies Reassign Workers to Push Them Out,Business,Ray Smith,08/10/2023,The New York Times,https://www.nytimes.com/2023/10/08/business/quiet-cutting-workplace-trend.html,"A new workplace trend sees companies moving employees to less desirable roles to encourage them to resign, avoiding the costs and optics of direct layoffs."
Global Airline Industry Profits to Exceed Forecasts on Strong Travel Demand,Business,David Shepardson,07/10/2023,Reuters,https://www.reuters.com/business/aerospace-defense/global-airline-profits-exceed-forecasts-strong-travel-2023-10-07,"The International Air Transport Association (IATA) raised its profit outlook for the airline industry, citing robust passenger demand, particularly in international and premium travel."
Tesla Faces Increased Competition from Chinese EV Makers in Europe,Business,William Boston,06/10/2023,The Wall Street Journal,https://www.wsj.com/articles/tesla-faces-increased-competition-chinese-ev-makers-europe,"Chinese brands like BYD and Nio are gaining market share in Europe with competitively priced electric vehicles, challenging Tesla's long-held dominance in the region."
"US Inflation Rate Ticks Up Slightly, Driven by Energy Costs",Business,Jeff Cox,05/10/2023,CNBC,https://www.cnbc.com/2023/10/05/cpi-inflation-report-september-2023.html,"The latest Consumer Price Index (CPI) report showed a modest increase in inflation, primarily due to a recent spike in gasoline prices, keeping pressure on the Federal Reserve."
Intel Breaks Ground on $20 Billion Ohio Chip Plant,Business,Asa Fitch,04/10/2023,Reuters,https://www.reuters.com/technology/intel-breaks-ground-on-20-billion-ohio-chip-plant-2023-10-04,"Intel has officially started construction on its massive semiconductor manufacturing facility in Ohio, a key project aimed at boosting U.S. chip production and reducing reliance on Asia."
Meta's Threads App Sees User Engagement Plummet After Initial Surge,Business,Sarah Perez,03/10/2023,TechCrunch,https://techcrunch.com/2023/10/03/metas-threads-app-sees-user-engagement-plummet/,"After a record-breaking launch, daily active users on Meta's Twitter competitor, Threads, have fallen significantly, highlighting the challenge of retaining users in a competitive social media landscape."
US Housing Market Stalls as Mortgage Rates Top 7%,Business,Nicole Friedman,02/10/2023,The Wall Street Journal,https://www.wsj.com/articles/us-housing-market-stalls-mortgage-rates-top-7-percent,"High mortgage rates have pushed affordability to its lowest point in decades, leading to a sharp drop in both home sales and new listings as potential buyers and sellers remain on the sidelines."
The Global Hunt for Lithium Intensifies as EV Demand Soars,Business,Henry Sanderson,01/10/2023,Financial Times,https://www.ft.com/content/global-hunt-for-lithium-intensifies-ev-demand,"Automakers and governments are racing to secure supplies of lithium, a critical component for electric vehicle batteries, leading to new mining projects and geopolitical maneuvering."
Costco's Membership Model Proves Resilient in Economic Downturn,Business,Ben Fox,30/09/2023,Associated Press,https://apnews.com/article/costco-earnings-membership-retail-economy-2023-09,"Costco reported strong quarterly earnings, with high membership renewal rates indicating that consumers continue to value its bulk-discount model amid inflation."
Startups Embrace 'Lean Growth' as Venture Capital Dries Up,Business,Connie Loizos,29/09/2023,TechCrunch,https://techcrunch.com/2023/09/29/startups-embrace-lean-growth-as-vc-dries-up/,"With funding harder to secure, many startups are shifting focus from rapid expansion to sustainable, profitable growth, prioritizing capital efficiency and a clear path to revenue."
Cybersecurity Stocks Rally on Heightened Geopolitical Tensions,Business,Jordan Novet,28/09/2023,CNBC,https://www.cnbc.com/2023/09/28/cybersecurity-stocks-rally-on-geopolitical-tensions.html,"Shares of cybersecurity firms like Palo Alto Networks and CrowdStrike have risen as increased global conflicts lead to a spike in state-sponsored cyberattacks, boosting demand for security solutions."
Google Delays Phase-Out of Third-Party Cookies Again,Business,Megan Graham,27/09/2023,The Wall Street Journal,https://www.wsj.com/articles/google-delays-phase-out-of-third-party-cookies-again,"Google has postponed its plan to eliminate third-party tracking cookies in its Chrome browser until late 2024, citing the need for more time to test privacy-preserving alternatives with the ad industry."
Why the Four-Day Work Week is Gaining Traction in Corporate America,Business,Joann S. Lublin,26/09/2023,Forbes,https://www.forbes.com/sites/joannlublin/2023/09/26/why-the-four-day-work-week-is-gaining-traction/,"Pilot programs are showing that a four-day work week can boost productivity, improve employee well-being, and reduce burnout, leading more companies to consider the switch."
Global Rice Prices Hit 15-Year High After India's Export Ban,Business,Anna Hirtenstein,25/09/2023,Bloomberg,https://www.bloomberg.com/news/articles/2023-09-25/global-rice-prices-hit-15-year-high-after-indias-export-ban,"India's restrictions on rice exports to control domestic prices have caused a surge in the global market, raising food security concerns in import-dependent nations."
Exxon Mobil Bets Big on Carbon Capture with $5 Billion Acquisition,Business,Christopher M. Matthews,24/09/2023,The Wall Street Journal,https://www.wsj.com/articles/exxon-mobil-bets-big-on-carbon-capture-with-acquisition,"Exxon has acquired Denbury Inc., a specialist in carbon capture and storage, signaling a major strategic investment in technology aimed at reducing industrial emissions."
The Luxury Goods Market Shows Signs of Cooling After a Post-Pandemic Boom,Business,Silvia Amaro,23/09/2023,CNBC,https://www.cnbc.com/2023/09/23/luxury-goods-market-cools-after-post-pandemic-boom.html,"After years of explosive growth, sales of high-end goods are slowing, particularly in the U.S. and China, as aspirational consumers pull back on spending."
US and Europe Diverge on China Trade Policy,Business,Alan Rappeport,22/09/2023,The New York Times,https://www.nytimes.com/2023/09/22/business/economy/us-europe-china-trade.html,"While the United States pursues a strategy of 'de-risking' and imposing strict tech controls on China, the European Union is taking a more nuanced approach, creating friction among Western allies."
White House Unveils New Strategy to Counter Domestic Terrorism,Politics,Michael Schmidt,26/10/2023,The New York Times,https://www.nytimes.com/2023/10/26/politics/white-house-domestic-terrorism-strategy.html,The administration released a comprehensive plan focusing on inter-agency cooperation and community-based prevention to address the rising threat of domestic extremism.
Supreme Court Hears Arguments on Major Voting Rights Case,Politics,Robert Barnes,25/10/2023,The Washington Post,https://www.washingtonpost.com/politics/2023/10/25/supreme-court-voting-rights-case/,Justices appeared divided during oral arguments in a case that could significantly impact the future of the Voting Rights Act and federal oversight of state election laws.
UK Prime Minister Reshuffles Cabinet Amid Falling Poll Numbers,Politics,Pippa Crerar,24/10/2023,The Guardian,https://www.theguardian.com/politics/2023/10/24/uk-prime-minister-reshuffles-cabinet-poll-numbers,"In a bid to reset his government's agenda, the Prime Minister announced a major cabinet reshuffle, appointing new ministers to key posts in economy and home affairs."
US-China Tensions Flare Over South China Sea Incident,Politics,David Martin,23/10/2023,Associated Press,https://apnews.com/article/us-china-south-china-sea-tensions-2023-10,"The Pentagon condemned a 'dangerous and unprofessional' maneuver by a Chinese naval vessel near a U.S. warship, escalating diplomatic tensions between the two superpowers."
Congress Deadlocked on Farm Bill as Party Divisions Deepen,Politics,Juliegrace Brufke,22/10/2023,Politico,https://www.politico.com/news/2023/10/22/congress-farm-bill-deadlock,"Negotiations over the five-year farm bill have stalled due to partisan disagreements over funding for nutrition programs and climate initiatives, risking a lapse in key agricultural subsidies."
German Chancellor Faces Coalition Crisis Over Budget Shortfall,Politics,Katrin Bennhold,21/10/2023,Reuters,https://www.reuters.com/world/europe/german-chancellor-faces-coalition-crisis-budget-2023-10-21,"Germany's ruling coalition is in turmoil as leaders clash over how to address a multi-billion-euro budget gap, threatening the stability of the government."
UN Security Council Fails to Pass Resolution on Middle East Ceasefire,Politics,Edith M. Lederer,20/10/2023,Associated Press,https://apnews.com/article/un-security-council-middle-east-ceasefire-resolution-2023-10,"A resolution calling for a humanitarian ceasefire was vetoed, highlighting deep international divisions and paralyzing the UN's top body from taking unified action."
President Signs Executive Order to Regulate Artificial Intelligence,Politics,Cecilia Kang,19/10/2023,The New York Times,https://www.nytimes.com/2023/10/19/politics/president-ai-executive-order.html,"The executive order establishes new safety and security standards for AI development, requiring leading tech companies to share safety test results with the government."
French Government Survives No-Confidence Vote Over Pension Reforms,Politics,Aurelien Breeden,18/10/2023,BBC News,https://www.bbc.com/news/world-europe-67145987,"Despite widespread protests, the French government narrowly survived a no-confidence motion in parliament, allowing its controversial pension reform bill to become law."
G7 Leaders Pledge 'Unwavering Support' for Ukraine in Joint Statement,Politics,Yaroslav Trofimov,17/10/2023,The Wall Street Journal,https://www.wsj.com/articles/g7-leaders-pledge-unwavering-support-for-ukraine,Leaders of the Group of Seven nations issued a strong statement condemning Russian aggression and committing to long-term security and financial assistance for Ukraine.
State Governors Form Bipartisan Alliance to Tackle Fentanyl Crisis,Politics,Dan Balz,16/10/2023,The Washington Post,https://www.washingtonpost.com/politics/2023/10/16/governors-bipartisan-fentanyl-alliance/,A coalition of Republican and Democratic governors has announced a joint initiative to share data and strategies for combating the nationwide opioid and fentanyl epidemic.
NATO Boosts Military Presence on Eastern Flank Amid Security Concerns,Politics,Julian E. Barnes,15/10/2023,Reuters,https://www.reuters.com/world/europe/nato-boosts-military-presence-eastern-flank-2023-10-15,The North Atlantic Treaty Organization is deploying additional multinational battlegroups to member states bordering Russia as a deterrent against potential aggression.
Debate Over Presidential Age and Fitness Dominates 2024 Campaign Trail,Politics,Jonathan Martin,14/10/2023,Politico,https://www.politico.com/news/2023/10/14/presidential-age-fitness-2024-campaign,"Voter concerns about the age and health of the leading presidential candidates have become a central issue in the campaign, prompting calls for more transparency."
Canada's Government Unveils New Housing Plan to Address Affordability Crisis,Politics,Ian Austen,13/10/2023,The New York Times,https://www.nytimes.com/2023/10/13/world/canada/canada-housing-plan.html,The Canadian government introduced a multi-pronged strategy aimed at increasing housing supply and curbing real estate speculation to make homeownership more accessible.
EU Reaches Provisional Agreement on Landmark Migration Pact,Politics,Matina Stevis-Gridneff,12/10/2023,Financial Times,https://www.ft.com/content/eu-reaches-agreement-migration-pact,"After years of contentious negotiations, European Union member states have agreed on a new set of rules for managing asylum and migration, including a mandatory solidarity mechanism."
House Speaker Race Thrown into Chaos After Top Candidate Withdraws,Politics,Jake Sherman,11/10/2023,Punchbowl News,https://punchbowl.news/article/house-speaker-race-chaos-candidate-withdraws/,"The frontrunner to become the next Speaker of the House abruptly dropped out of the race, leaving the majority party in disarray and the chamber's leadership uncertain."
Pentagon Budget Faces Scrutiny Over Spending on Next-Gen Weapons,Politics,Paul McLeary,10/10/2023,Breaking Defense,https://breakingdefense.com/2023/10/pentagon-budget-scrutiny-next-gen-weapons/,"Lawmakers on the Armed Services Committee are questioning the high cost and slow development of several major defense programs, raising the possibility of funding cuts."
Brazil's President Launches Ambitious Plan to Halt Amazon Deforestation,Politics,Jack Nicas,09/10/2023,The New York Times,https://www.nytimes.com/2023/10/09/world/americas/brazil-amazon-deforestation-plan.html,The Brazilian government has detailed a sweeping strategy involving increased enforcement and sustainable economic incentives to achieve zero deforestation in the Amazon by 2030.
Senate Confirms New Ambassador to China After Months-Long Delay,Politics,Karoun Demirjian,08/10/2023,The Washington Post,https://www.washingtonpost.com/politics/2023/10/08/senate-confirms-ambassador-china/,"The Senate voted to confirm the new U.S. ambassador to Beijing, filling a critical diplomatic post that had been vacant for over a year amid partisan holds."
Japan's Prime Minister Announces Stimulus Package to Combat Inflation,Politics,Motoko Rich,07/10/2023,Reuters,https://www.reuters.com/world/asia-pacific/japan-pm-announces-stimulus-package-inflation-2023-10-07,"The Japanese government will implement a new economic stimulus package, including cash handouts and energy subsidies, to help households cope with rising living costs."
FBI Director Warns of Growing Cyber Threats from Nation-State Actors,Politics,Dustin Volz,06/10/2023,The Wall Street Journal,https://www.wsj.com/articles/fbi-director-warns-cyber-threats-nation-states,"In testimony before a Senate committee, the FBI Director stated that sophisticated cyberattacks from China, Russia, and Iran pose a significant and increasing threat to U.S. critical infrastructure."
"Political Polarization Reaches New Highs, Affecting Local Governance",Politics,Reid Wilson,05/10/2023,The Hill,https://thehill.com/homenews/state-watch/4239876-political-polarization-local-governance/,"A new study reveals that national partisan divides are increasingly influencing local politics, leading to gridlock on school boards and in city councils over non-partisan issues."
India and Canada in Diplomatic Standoff Over Assassination Allegations,Politics,Joanna Slater,04/10/2023,The Washington Post,https://www.washingtonpost.com/world/2023/10/04/india-canada-diplomatic-standoff/,Relations between India and Canada have severely deteriorated after the Canadian Prime Minister accused agents of the Indian government of being involved in the killing of a Sikh leader on Canadian soil.
African Union Admitted as Permanent Member of the G20,Politics,Declan Walsh,03/10/2023,The New York Times,https://www.nytimes.com/2023/10/03/world/africa/african-union-g20-member.html,"The Group of 20 major economies granted permanent membership to the African Union, a move designed to give the continent a stronger voice on global issues."
New Campaign Finance Reports Reveal Record-Breaking Fundraising Hauls,Politics,Shane Goldmacher,02/10/2023,The New York Times,https://www.nytimes.com/2023/10/02/us/politics/campaign-finance-fundraising.html,"The latest filings with the Federal Election Commission show that presidential and congressional candidates are raising unprecedented sums of money, fueled by small-dollar online donors."
Bipartisan Bill on Social Media and Child Safety Gains Momentum in Senate,Politics,Cat Zakrzewski,01/10/2023,The Washington Post,https://www.washingtonpost.com/technology/2023/10/01/senate-kids-online-safety-bill/,A bill that would impose a duty of care on social media companies to protect minors from harm is attracting broad support from both Democrats and Republicans in the Senate.
Protests Erupt in Poland Over Controversial Judicial Reforms,Politics,Jan Puhl,30/09/2023,Der Spiegel,https://www.spiegel.de/international/europe/protests-erupt-in-poland-over-judicial-reforms-a-12345.html,Thousands have taken to the streets in Warsaw and other Polish cities to protest new legislation that critics say undermines the independence of the judiciary and violates EU principles.
"US-Mexico Border Sees Shift in Migrant Demographics, Posing New Challenges",Politics,Zolan Kanno-Youngs,29/09/2023,The New York Times,https://www.nytimes.com/2023/09/29/us/politics/border-migrant-demographics.html,"Border officials are reporting a significant increase in migrants from countries outside of Central America, straining resources and complicating diplomatic efforts."
House Committee Launches Investigation into Use of Federal Funds for Pandemic Relief,Politics,Andrew Duehren,28/09/2023,The Wall Street Journal,https://www.wsj.com/articles/house-committee-investigation-pandemic-relief-funds,The House Oversight Committee has opened a formal inquiry into potential fraud and misuse of the trillions of dollars allocated for COVID-19 pandemic relief programs.
Australia Holds Referendum on Indigenous 'Voice to Parliament',Politics,Damien Cave,27/09/2023,The New York Times,https://www.nytimes.com/2023/09/27/world/australia/indigenous-voice-referendum.html,Australians are voting in a historic referendum on whether to alter the constitution to create an Indigenous advisory body to the parliament.
Veterans Affairs Department Under Fire for Backlog in Disability Claims,Politics,Leo Shane III,26/09/2023,Military Times,https://www.militarytimes.com/veterans/2023/09/26/va-under-fire-for-disability-claims-backlog/,"Veterans' advocacy groups and lawmakers are criticizing the VA for a growing backlog of disability claims, leaving many former service members waiting months for benefits."
"Iran's Nuclear Program Advances, Posing Dilemma for Western Powers",Politics,Laurence Norman,25/09/2023,The Wall Street Journal,https://www.wsj.com/articles/irans-nuclear-program-advances-posing-dilemma-for-west,"A new report from the International Atomic Energy Agency (IAEA) indicates that Iran has further increased its stockpile of highly enriched uranium, complicating diplomatic efforts to revive the 2015 nuclear deal."
State Legislatures Across US Debate AI's Role in Elections,Politics,Zachary Gordon,24/09/2023,Axios,https://www.axios.com/2023/09/24/state-legislatures-ai-elections-deepfakes,"Lawmakers in multiple states are drafting legislation to regulate the use of artificial intelligence in political advertising, particularly concerning deepfakes and misinformation."
Taiwan's President Warns of Increased 'Military Intimidation' from China,Politics,Chris Buckley,23/09/2023,Reuters,https://www.reuters.com/world/asia-pacific/taiwans-president-warns-of-increased-military-intimidation-2023-09-23,"In a national address, Taiwan's president stated that China is ramping up military and gray-zone tactics to pressure the self-governing island ahead of its upcoming election."
Biden Administration Restores Environmental Protections Weakened Under Trump,Politics,Lisa Friedman,22/09/2023,The New York Times,https://www.nytimes.com/2023/09/22/climate/biden-environmental-protections.html,The Environmental Protection Agency finalized a rule to restore federal protections for millions of acres of wetlands and streams that had been removed by the previous administration.
New Alzheimer's Drug Shows Promising Results in Slowing Cognitive Decline,Health,Gina Kolata,26/10/2023,The New York Times,https://www.nytimes.com/2023/10/26/health/alzheimers-drug-lecanemab-results.html,"A late-stage clinical trial for a new Alzheimer's treatment demonstrated a significant reduction in cognitive decline, offering new hope for patients and families."
CDC Warns of a Potentially Severe Flu and RSV Season This Winter,Health,Mike Stobbe,25/10/2023,Associated Press,https://apnews.com/article/cdc-flu-rsv-winter-warning-2023-10,"Health officials are urging the public to get vaccinated for both influenza and RSV, as early data suggests a concurrent surge of respiratory viruses could strain hospital systems."
"Weight-Loss Drugs Like Ozempic Linked to Reduced Risk of Heart Attack, Study Finds",Health,Matthew Herper,24/10/2023,STAT News,https://www.statnews.com/2023/10/24/ozempic-wegovy-heart-attack-risk-study/,A major study found that popular GLP-1 agonist drugs not only help with weight loss but also significantly lower the risk of heart attack and stroke in obese patients.
The Youth Mental Health Crisis: Schools Struggle to Meet Demand for Services,Health,Laura Meckler,23/10/2023,The Washington Post,https://www.washingtonpost.com/education/2023/10/23/youth-mental-health-crisis-schools/,"Schools across the country are facing a severe shortage of counselors and psychologists, leaving them ill-equipped to handle the growing mental health needs of students post-pandemic."
FDA Approves First Gene Therapy for Sickle Cell Disease,Health,Elizabeth Cooney,22/10/2023,Reuters,https://www.reuters.com/business/healthcare-pharmaceuticals/fda-approves-first-gene-therapy-sickle-cell-2023-10-22,"The Food and Drug Administration has approved a groundbreaking gene therapy that has the potential to cure sickle cell disease, a painful and life-threatening genetic blood disorder."
Long COVID Continues to Puzzle Doctors and Affect Millions,Health,Pam Belluck,21/10/2023,The New York Times,https://www.nytimes.com/2023/10/21/health/long-covid-symptoms-research.html,"Researchers are still working to understand the complex mechanisms behind Long COVID, as millions of people continue to suffer from debilitating symptoms months or years after their initial infection."
Microplastics Found in Human Heart Tissue for the First Time,Health,Karen Weintraub,20/10/2023,USA Today,https://www.usatoday.com/story/news/health/2023/10/20/microplastics-found-human-heart-tissue/71234567/,"A new study has detected tiny plastic particles in human heart tissue, raising urgent questions about the potential cardiovascular health risks of widespread plastic pollution."
WHO Declares Loneliness a 'Pressing Global Health Threat',Health,Maria Cheng,19/10/2023,Associated Press,https://apnews.com/article/who-loneliness-global-health-threat-2023-10,"The World Health Organization has launched a new initiative to combat social isolation, stating that loneliness poses a health risk comparable to smoking 15 cigarettes a day or obesity."
Mediterranean Diet Again Named Best Diet for Overall Health,Health,Sandee LaMotte,18/10/2023,CNN Health,https://www.cnn.com/2023/10/18/health/mediterranean-diet-best-diet-2023-wellness/index.html,"For the sixth consecutive year, a panel of health experts ranked the Mediterranean diet as the best overall diet for its proven benefits in preventing chronic diseases and promoting longevity."
"Rural Hospitals Face Financial Collapse, Creating 'Care Deserts'",Health,Sarah Jane Tribble,17/10/2023,Kaiser Health News (KHN),https://khn.org/news/article/rural-hospitals-financial-collapse-care-deserts/,"A wave of closures is hitting rural hospitals due to financial pressures, leaving millions of Americans in remote areas with limited or no access to emergency and essential medical care."
Link Between Ultra-Processed Foods and Depression Strengthens in New Study,Health,Anahad O'Connor,16/10/2023,The Washington Post,https://www.washingtonpost.com/wellness/2023/10/16/ultra-processed-foods-depression-link/,A large-scale study involving thousands of participants has found a strong correlation between high consumption of ultra-processed foods and an increased risk of developing depression.
Telehealth's Future Uncertain as Pandemic-Era Rules Expire,Health,Katie Palmer,15/10/2023,STAT News,https://www.statnews.com/2023/10/15/telehealth-future-pandemic-rules-expire/,"The regulatory flexibilities that allowed for a massive expansion of telehealth during the pandemic are set to expire, creating uncertainty for patients and providers who have come to rely on virtual care."
New Cancer Vaccine Shows Promise in Early Human Trials for Melanoma,Health,Angus Liu,14/10/2023,Fierce Pharma,https://www.fiercepharma.com/pharma/moderna-merck-cancer-vaccine-melanoma-trial,"An experimental mRNA vaccine, when combined with an existing immunotherapy drug, significantly reduced the risk of recurrence or death in patients with high-risk melanoma."
The Hidden Health Risks of Gas Stoves: What the Science Says,Health,Nicholas Bakalar,13/10/2023,The New York Times,https://www.nytimes.com/2023/10/13/well/live/gas-stoves-health-risks.html,"A growing body of research links the use of gas stoves to indoor air pollution and an increased risk of respiratory illnesses, particularly asthma in children."
"Nurse Burnout Reaches Crisis Levels, Threatening Patient Care",Health,Julie Rovner,12/10/2023,NPR,https://www.npr.org/sections/health-shots/2023/10/12/1205123456/nurse-burnout-crisis-patient-care,"Surveys show record levels of burnout and emotional exhaustion among nurses, leading to staffing shortages that experts warn could compromise the quality and safety of patient care."
How Regular Exercise Rewires the Brain to Reduce Anxiety,Health,Gretchen Reynolds,11/10/2023,The New York Times,https://www.nytimes.com/2023/10/11/health/exercise-brain-anxiety.html,"New neuroscience research reveals that physical activity can remodel key brain circuits, strengthening connections in regions that regulate emotion and reduce anxiety-like behaviors."
Global Measles Cases Surge as Vaccination Rates Decline,Health,Helen Branswell,10/10/2023,STAT News,https://www.statnews.com/2023/10/10/global-measles-cases-surge-vaccination-decline/,"The WHO and CDC report a dangerous increase in measles outbreaks worldwide, driven by disruptions to routine childhood immunizations during the COVID-19 pandemic."
High Cost of Insulin Remains a Barrier for Many Americans with Diabetes,Health,Tami Luhby,09/10/2023,CNN,https://www.cnn.com/2023/10/09/health/insulin-cost-diabetes-congress/index.html,"Despite recent price caps for some patients, the high list price of insulin continues to force many individuals to ration the life-saving medication, leading to dangerous health complications."
The Surprising Benefits of Intermittent Fasting on Cellular Health,Health,Tara Parker-Pope,08/10/2023,The Washington Post,https://www.washingtonpost.com/wellness/2023/10/08/intermittent-fasting-cellular-health/,"Research suggests that intermittent fasting may trigger autophagy, a cellular cleaning process that removes damaged cells and can help reduce inflammation and improve metabolic health."
"Climate Change Linked to Rise in Infectious Diseases, Report Warns",Health,John Schwartz,07/10/2023,The New York Times,https://www.nytimes.com/2023/10/07/climate/climate-change-infectious-diseases.html,A comprehensive report in The Lancet highlights how rising temperatures and extreme weather are expanding the geographic range of disease vectors like mosquitoes and ticks.
FDA Panel Recommends Updating COVID-19 Boosters for New Variants,Health,Berkeley Lovelace Jr.,06/10/2023,NBC News,https://www.nbcnews.com/health/health-news/fda-panel-recommends-updating-covid-19-boosters-new-variants-rcna12345,An advisory committee to the FDA voted in favor of recommending that the next round of COVID-19 booster shots be updated to target the currently circulating Omicron subvariants.
AI in Medicine: Can Algorithms Outperform Doctors in Diagnosing Cancer?,Health,Casey Ross,05/10/2023,STAT News,https://www.statnews.com/2023/10/05/ai-medicine-diagnosing-cancer-algorithms/,"Studies are showing that artificial intelligence models can detect cancer from medical scans with accuracy equal to or greater than human radiologists, heralding a major shift in diagnostic medicine."
Sleep Deprivation's Toll on the Immune System Is Deeper Than We Thought,Health,Alice Park,04/10/2023,TIME,https://time.com/6319876/sleep-deprivation-immune-system/,"New research shows that even a single night of poor sleep can significantly impair the function of key immune cells, making the body more vulnerable to infections."
"Hospital Mergers Often Lead to Higher Prices for Patients, Study Confirms",Health,Reed Abelson,03/10/2023,The New York Times,https://www.nytimes.com/2023/10/03/health/hospital-mergers-prices.html,"An analysis published in JAMA finds that hospital consolidation frequently results in reduced competition and substantially higher prices for medical procedures, without a corresponding increase in quality of care."
New Guidelines Lower the Bar for High Blood Pressure Diagnosis,Health,Lauran Neergaard,02/10/2023,Associated Press,https://apnews.com/article/high-blood-pressure-guidelines-hypertension-2023-10,"The American Heart Association has updated its guidelines, defining hypertension at 130/80 mmHg rather than 140/90, a change that means millions more Americans will be diagnosed with high blood pressure."
The Rise of 'Medical Gaslighting': Are Doctors Dismissing Women's Pain?,Health,Melinda Wenner Moyer,01/10/2023,The Atlantic,https://www.theatlantic.com/health/archive/2023/10/medical-gaslighting-womens-pain/675501/,"A growing movement is shedding light on the phenomenon where women's health symptoms are often dismissed or misattributed to psychological causes, leading to delayed diagnoses."
Dengue Fever Outbreak in South America Worsened by Climate Change,Health,Manuela Andreoni,30/09/2023,Reuters,https://www.reuters.com/world/americas/dengue-fever-outbreak-south-america-climate-change-2023-09-30,"Record-breaking dengue outbreaks are sweeping across parts of South America, with public health experts blaming warmer temperatures for expanding the habitat of the Aedes aegypti mosquito."
Personalized Nutrition: Can DNA-Based Diets Improve Health Outcomes?,Health,Christie Aschwanden,29/09/2023,WIRED,https://www.wired.com/story/personalized-nutrition-dna-diets/,"The field of nutrigenomics aims to tailor dietary recommendations based on an individual's genetic profile, but experts say more research is needed to validate the effectiveness of this approach."
Hearing Aids to be Sold Over-the-Counter for the First Time in US,Health,Ricardo Alonso-Zaldivar,28/09/2023,Associated Press,https://apnews.com/article/hearing-aids-over-the-counter-fda-rule-2023-09,"Following a new FDA rule, Americans with mild to moderate hearing loss can now buy hearing aids directly from stores without a prescription, a move intended to lower costs and improve access."
Psychedelic Therapy for PTSD Shows Lasting Benefits in Phase 3 Trial,Health,Andrew Jacobs,27/09/2023,The New York Times,https://www.nytimes.com/2023/09/27/health/psychedelics-ptsd-mdma-therapy.html,"A final-phase clinical trial found that MDMA-assisted therapy produced significant and durable reductions in symptoms for patients with severe PTSD, paving the way for potential FDA approval."
Wildfire Smoke's Lingering Impact on Lung Health a Growing Concern,Health,Anna Gibbs,26/09/2023,National Geographic,https://www.nationalgeographic.com/science/article/wildfire-smoke-lingering-impact-lung-health,"Pulmonologists are increasingly concerned about the long-term health consequences of exposure to fine particulate matter from smoke, including asthma and reduced lung function."
More Children are Being Diagnosed with Type 2 Diabetes at Younger Ages,Health,Carina Storrs,25/09/2023,WebMD,https://www.webmd.com/diabetes/news/20230925/more-children-diagnosed-type-2-diabetes,"Pediatricians are reporting an alarming rise in Type 2 diabetes among children and adolescents, a trend strongly linked to rising rates of childhood obesity and sedentary lifestyles."
The Gut Microbiome's Role in Parkinson's Disease Investigated,Health,Jon Hamilton,24/09/2023,NPR,https://www.npr.org/sections/health-shots/2023/09/24/1201123456/gut-microbiome-parkinsons-disease,"New research is exploring the connection between the gut-brain axis and Parkinson's disease, with evidence suggesting that the composition of gut bacteria may play a role in the disorder's development."
Health Insurers Face Scrutiny for Widespread Use of AI to Deny Claims,Health,Chris Farr,23/09/2023,ProPublica,https://www.propublica.org/article/health-insurers-ai-deny-claims-unitedhealth-cigna,"An investigation reveals that major health insurance companies are using AI algorithms to deny patient claims in batches with minimal human oversight, prompting regulatory inquiries."
Caffeine in Pregnancy: How Much is Safe?,Health,Catherine Pearson,22/09/2023,The New York Times,https://www.nytimes.com/2023/09/22/parenting/pregnancy-caffeine-safety.html,A consensus is forming around updated guidelines suggesting that up to 200 milligrams of caffeine per day—about one 12-ounce cup of coffee—is generally safe during pregnancy.